{"IoU Threshold: 0.50": 0.4272559074361477, "IoU Threshold: 0.60": 0.4272559074361477, "IoU Threshold: 0.70": 0.40686292416368364, "IoU Threshold: 0.80": 0.4018855902817313, "IoU Threshold: 0.90": 0.3466670309329718}